algorithm,seed,solved,iterations,cost,solve_time,total_time
CBS,879,False,1000,inf,0.5057480335235596,0.5101253986358643
F-CBS (T=1.0),879,False,1000,inf,1.5097110271453857,1.5148670673370361
F-CBS (T=5.0),879,True,58,100.0,0.1778883934020996,0.1792149543762207
F-CBS Anneal (T=10.0→0),879,True,55,102.0,0.288834810256958,0.2901315689086914
