algorithm,seed,solved,iterations,cost,solve_time,total_time
CBS,509,True,280,71,0.12074780464172363,0.1228647232055664
F-CBS (T=1.0),509,True,41,71,0.05065584182739258,0.05140399932861328
F-CBS (T=5.0),509,True,57,74,0.07194995880126953,0.0726463794708252
F-CBS Anneal (T=10.0→0),509,True,36,74,0.046279191970825195,0.04682326316833496
