algorithm,seed,solved,iterations,cost,solve_time,total_time
CBS,962,False,100,inf,0.0785667896270752,0.08038759231567383
F-CBS (T=1.0),962,False,100,inf,0.17620015144348145,0.1771397590637207
F-CBS (T=5.0),962,False,100,inf,0.22483181953430176,0.22566795349121094
F-CBS Anneal (T=10.0→0),962,False,100,inf,0.45232224464416504,0.45331501960754395
