algorithm,seed,solved,iterations,cost,solve_time,total_time
CBS,672,False,100,inf,0.04952836036682129,0.05199766159057617
F-CBS (T=1.0),672,False,100,inf,0.1524209976196289,0.15349173545837402
F-CBS (T=5.0),672,False,100,inf,0.1344304084777832,0.13578557968139648
F-CBS Anneal (T=10.0→0),672,False,100,inf,0.1983633041381836,0.19918513298034668
