algorithm,seed,solved,iterations,cost,solve_time,total_time
CBS,71,False,100,inf,0.032060861587524414,0.0337224006652832
F-CBS (T=1.0),71,False,100,inf,0.1143040657043457,0.11529111862182617
F-CBS (T=5.0),71,False,100,inf,0.11831951141357422,0.11913824081420898
F-CBS Anneal (T=10.0→0),71,False,100,inf,0.11123323440551758,0.11203885078430176
