algorithm,seed,solved,iterations,cost,solve_time,total_time
CBS,2812,False,300,inf,0.6956300735473633,0.6986095905303955
F-CBS (T=1.0),2812,False,300,inf,1.0325992107391357,1.034395456314087
F-CBS (T=5.0),2812,False,300,inf,1.8576207160949707,1.8613533973693848
F-CBS Anneal (T=10.0→0),2812,False,300,inf,7.0659801959991455,7.069665193557739
