algorithm,seed,solved,iterations,cost,solve_time,total_time
CBS,1,False,1000,inf,1.3235511779785156,1.328542947769165
F-CBS (T=1.0),1,False,1000,inf,4.54868221282959,4.556903839111328
F-CBS (T=5.0),1,True,14,183.0,0.054631710052490234,0.05537867546081543
F-CBS Anneal (T=10.0→0),1,True,13,183.0,0.04963088035583496,0.0501103401184082
